{
    "users": {
        "UID1": {
            "username": "USER1",
            "password": "username1",
            "preferred_cuisine": [
                "malay"
            ],
            "users_allergies": [
                "dairy"
            ],
            "notPreferred_ingredients": [
                "fish"
            ],
            "inventory": [
                {
                    "ingredient": "carrot",
                    "amount": 1,
                    "unit": "-"
                },
                {
                    "ingredient": "chicken",
                    "amount": 2,
                    "unit": "kg"
                },
                {
                    "ingredient": "pasta",
                    "amount": 1,
                    "unit": "package"
                }
            ],
            "shoppingList": [
                "fried wheat gluten strips",
                "rice",
                "coconut milk",
                "salt",
                "water",
                "cucumber",
                "pandan leaf",
                "sambal",
                "roasted peanuts",
                "dried anchovies",
                "hard-boiled egg",
                "dried chili",
                "shallot",
                "garlic",
                "tamarind pulp",
                "palm sugar",
                "oil",
                "carrot",
                "snow pea",
                "shiitake mushroom",
                "ginger",
                "scallion",
                "soy sauce",
                "dark soy sauce",
                "oyster sauce",
                "sugar",
                "chickpea",
                "onion",
                "tomato",
                "green chili pepper",
                "ground cumin",
                "garam masala",
                "ground coriander"
            ],
            "submissions": {
                "pending": [],
                "approved": [],
                "rejected": []
            },
            "feedbacks": [],
            "points": 0,
            "streak": 0,
            "favorites": []
        },
        "UID2": {
            "username": "oongzhupew",
            "password": "Ozp1102@",
            "preferred_cuisine": [
                "chinese"
            ],
            "users_allergies": [
                "dairy"
            ],
            "notPreferred_ingredients": [
                "celery"
            ],
            "inventory": [],
            "shoppingList": [],
            "submissions": {
                "pending": [],
                "approved": [
                    {
                        "recipe_id": "R1",
                        "time": "2025-03-15 14:19:45",
                        "filename": "UID2_20250315141945.jpg"
                    }
                ],
                "rejected": []
            },
            "feedbacks": [],
            "points": 0,
            "streak": 1,
            "favorites": []
        }
    },
    "admins": {
        "AID1": {
            "username": "FOR KEY PURPOSE",
            "password": "key123"
        }
    }
}