{
    "food_allergies": {
        "sulfites": [
            "dried fruit",
            "wine",
            "beer"
        ],
        "mustard": [
            "mustard seed",
            "mustard powder",
            "mustard oil"
        ],
        "corn": [
            "corn syrup",
            "cornstarch",
            "cornmeal",
            "corn oil"
        ],
        "meat": [
            "beef",
            "pork",
            "lamb",
            "venison"
        ],
        "molluscs": [
            "clam",
            "oyster",
            "scallop",
            "octopus"
        ],
        "celery": [
            "celery stalk",
            "celery seed",
            "celery salt"
        ],
        "lupin": [
            "lupin flour",
            "lupin bean",
            "lupin-based product"
        ],
        "dairy": [
            "milk",
            "cheese",
            "butter",
            "yogurt"
        ],
        "egg": [
            "egg",
            "mayonnaise",
            "baked goods"
        ],
        "gluten": [
            "wheat",
            "barley",
            "rye",
            "pasta",
            "bread"
        ],
        "peanut": [
            "peanut",
            "peanut butter",
            "trail mix"
        ],
        "tree nut": [
            "almond",
            "cashew",
            "walnut",
            "pecan"
        ],
        "fish": [
            "salmon",
            "tuna",
            "cod",
            "sardine"
        ],
        "shellfish": [
            "shrimp",
            "crab",
            "lobster",
            "mussel"
        ],
        "soy": [
            "soybean",
            "tofu",
            "soy sauce"
        ],
        "wheat": [
            "bread",
            "pasta",
            "cereal",
            "flour"
        ],
        "sesame": [
            "tahini",
            "sesame oil",
            "sesame seed"
        ],
        "halal": [
            "pork",
            "lard",
            "alcohol"
        ],
        "vegetarian": [
            "meat",
            "poultry",
            "fish",
            "shellfish",
            "lard",
            "animal fats",
            "gelatin",
            "isinglass",
            "cochineal (carmine)",
            "tallow",
            "fish oil",
            "chicken broth",
            "beef broth",
            "bone broth",
            "pork",
            "beef",
            "chicken",
            "turkey",
            "lamb",
            "goat",
            "venison",
            "duck",
            "goose",
            "quail",
            "crab",
            "shrimp",
            "lobster",
            "oyster",
            "clam",
            "mussels",
            "scallops"
        ],
        "vegan": [
            "meat",
            "poultry",
            "fish",
            "shellfish",
            "lard",
            "animal fats",
            "gelatin",
            "isinglass",
            "cochineal (carmine)",
            "tallow",
            "fish oil",
            "chicken broth",
            "beef broth",
            "bone broth",
            "pork",
            "beef",
            "chicken",
            "turkey",
            "lamb",
            "goat",
            "venison",
            "duck",
            "goose",
            "quail",
            "crab",
            "shrimp",
            "lobster",
            "oyster",
            "clam",
            "mussels",
            "scallops",
            "milk",
            "cheese",
            "butter",
            "egg",
            "honey"
        ]
    },
    "preferred_cuisine": [
        "malay",
        "chinese",
        "indian",
        "-"
    ]
}