{
    "R1": {
        "name": "nasi lemak",
        "cuisine": "malay",
        "difficulty": "Medium",
        "servings": "1 person",
        "ingredients": {
            "main": [
                {
                    "name": "rice",
                    "amount": "1",
                    "unit": "cup"
                },
                {
                    "name": "water",
                    "amount": "1.5",
                    "unit": "cup"
                },
                {
                    "name": "coconut milk",
                    "amount": "0.5",
                    "unit": "cup"
                },
                {
                    "name": "salt",
                    "amount": "0.5",
                    "unit": "tsp"
                },
                {
                    "name": "pandan leaf",
                    "amount": "2",
                    "unit": "leaves"
                },
                {
                    "name": "cucumber",
                    "amount": "0.5",
                    "unit": "piece"
                }
            ],
            "pre_made": [
                {
                    "name": "sambal",
                    "amount": "1",
                    "unit": "tbsp"
                },
                {
                    "name": "roasted peanuts",
                    "amount": "2",
                    "unit": "tbsp"
                },
                {
                    "name": "dried anchovies",
                    "amount": "0.5",
                    "unit": "cup"
                },
                {
                    "name": "hard-boiled egg",
                    "amount": "1",
                    "unit": ""
                }
            ]
        },
        "steps": [
            "Rinse the rice until the water runs clear.",
            "In a pot, combine the rice, water, coconut milk, salt, and pandan leaves. Bring to a boil over high heat.",
            "Reduce the heat to low, cover, and simmer for 18-20 minutes, or until the rice is fully cooked and the liquid has been absorbed.",
            "While the rice is cooking, wash and slice the cucumber into thin pieces.",
            "To serve, place the cooked rice onto a plate and top with the cucumber slices, roasted peanuts, and fried anchovies. Add a spoonful of sambal on the side."
        ]
    },
    "R2": {
        "name": "sambal",
        "cuisine": "malay",
        "difficulty": "Hard",
        "servings": "1 cup",
        "ingredients": {
            "main": [
                {
                    "name": "dried chili",
                    "amount": "50",
                    "unit": "grams"
                },
                {
                    "name": "shallot",
                    "amount": "5",
                    "unit": "pieces"
                },
                {
                    "name": "garlic",
                    "amount": "4",
                    "unit": "cloves"
                },
                {
                    "name": "tamarind pulp",
                    "amount": "30",
                    "unit": "grams"
                },
                {
                    "name": "water",
                    "amount": "0.5",
                    "unit": "cup"
                },
                {
                    "name": "palm sugar",
                    "amount": "1",
                    "unit": "tbsp"
                },
                {
                    "name": "salt",
                    "amount": "1",
                    "unit": "tsp"
                },
                {
                    "name": "oil",
                    "amount": "2",
                    "unit": "tsp"
                }
            ],
            "pre_made": []
        },
        "steps": [
            "Soak the dried chili and tamarind pulp in water for about 30 minutes.",
            "Drain the water and blend the chili and tamarind pulp together with shallots and garlic until fine.",
            "Heat up a pan with oil.",
            "Add the chili paste, palm sugar and salt and cook for about 10-15 minutes until the sambal is slightly dried up and the oil has separated from the paste.",
            "Allow the sambal to cool before storing it in a clean and dry container in the refrigerator."
        ]
    },
    "R3": {
        "name": "roasted peanuts",
        "cuisine": "-",
        "difficulty": "Hard",
        "servings": "1 cup",
        "ingredients": {
            "main": [
                {
                    "name": "raw peanut",
                    "amount": "1",
                    "unit": "cup"
                },
                {
                    "name": "salt",
                    "amount": "1",
                    "unit": "tsp"
                }
            ],
            "pre_made": []
        },
        "steps": [
            "Preheat oven to 350\u00c2\u00b0F.",
            "In a bowl, mix the raw peanuts and salt together.",
            "Spread the peanuts out in a single layer on a baking sheet.",
            "Roast in the preheated oven for 15-20 minutes, stirring occasionally.",
            "Remove from oven when the peanuts are golden brown and let cool.",
            "Serve."
        ]
    },
    "R4": {
        "name": "ikan bilis",
        "cuisine": "malay",
        "difficulty": "Easy",
        "servings": "1 cup",
        "ingredients": {
            "main": [
                {
                    "name": "dried anchovies",
                    "amount": "2",
                    "unit": "cups"
                },
                {
                    "name": "vegetable oil",
                    "amount": "2",
                    "unit": "tbsp"
                },
                {
                    "name": "salt",
                    "amount": "0.25",
                    "unit": "tsp"
                }
            ],
            "pre_made": []
        },
        "steps": [
            "Rinse the dried anchovies in cold water and drain.",
            "Heat up a wok or pan over medium-high heat.",
            "Add vegetable oil and wait until it's hot.",
            "Add the dried anchovies and stir-fry for about 2-3 minutes or until they turn golden brown.",
            "Turn off the heat and add salt. Mix well.",
            "Remove the dried anchovies from the wok or pan and let them cool completely.",
            "Store the dried anchovies in an airtight container at room temperature."
        ]
    },
    "R5": {
        "name": "beef rendang",
        "cuisine": "malay",
        "difficulty": "Hard",
        "servings": "4",
        "ingredients": {
            "main": [
                {
                    "name": "beef",
                    "amount": "500",
                    "unit": "grams"
                },
                {
                    "name": "coconut milk",
                    "amount": "400",
                    "unit": "ml"
                },
                {
                    "name": "lemongrass",
                    "amount": "2",
                    "unit": "stalks"
                },
                {
                    "name": "kaffir lime leaf",
                    "amount": "4",
                    "unit": "leaves"
                },
                {
                    "name": "galangal",
                    "amount": "50",
                    "unit": "grams"
                },
                {
                    "name": "turmeric",
                    "amount": "3",
                    "unit": "cm"
                },
                {
                    "name": "cumin powder",
                    "amount": "1",
                    "unit": "tsp"
                },
                {
                    "name": "coriander powder",
                    "amount": "1",
                    "unit": "tsp"
                },
                {
                    "name": "salt",
                    "amount": "2",
                    "unit": "tsp"
                },
                {
                    "name": "sugar",
                    "amount": "2",
                    "unit": "tsp"
                },
                {
                    "name": "tamarind paste",
                    "amount": "1",
                    "unit": "tbsp"
                },
                {
                    "name": "water",
                    "amount": "200",
                    "unit": "ml"
                },
                {
                    "name": "oil",
                    "amount": "2",
                    "unit": "tbsp"
                },
                {
                    "name": "shallot",
                    "amount": "6",
                    "unit": "pieces"
                },
                {
                    "name": "garlic",
                    "amount": "4",
                    "unit": "cloves"
                },
                {
                    "name": "dried chili",
                    "amount": "8",
                    "unit": "pieces"
                }
            ],
            "pre_made": []
        },
        "steps": [
            "Blend shallots, garlic and dried chilies into a paste.",
            "Heat oil in a pan and saute the paste until fragrant.",
            "Add in cumin powder, coriander powder and turmeric. Stir until combined.",
            "Add in the beef and cook for 5 minutes.",
            "Pour in the coconut milk, water, lemongrass, kaffir lime leaves, galangal, salt, sugar, and tamarind paste.",
            "Bring to a boil and then reduce the heat to low. Let it simmer for 3-4 hours until the beef is tender and the sauce has thickened.",
            "Stir occasionally to prevent burning."
        ]
    },
    "R6": {
        "name": "chicken rendang",
        "cuisine": "malay",
        "difficulty": "Hard",
        "servings": "4",
        "ingredients": {
            "main": [
                {
                    "name": "chicken thigh",
                    "amount": "4",
                    "unit": "pieces"
                },
                {
                    "name": "coconut milk",
                    "amount": "400",
                    "unit": "ml"
                },
                {
                    "name": "lemongrass",
                    "amount": "2",
                    "unit": "stalks"
                },
                {
                    "name": "kaffir lime leaf",
                    "amount": "4",
                    "unit": "leaves"
                },
                {
                    "name": "galangal",
                    "amount": "50",
                    "unit": "grams"
                },
                {
                    "name": "turmeric",
                    "amount": "3",
                    "unit": "cm"
                },
                {
                    "name": "cumin powder",
                    "amount": "1",
                    "unit": "tsp"
                },
                {
                    "name": "coriander powder",
                    "amount": "1",
                    "unit": "tsp"
                },
                {
                    "name": "salt",
                    "amount": "2",
                    "unit": "tsp"
                },
                {
                    "name": "sugar",
                    "amount": "2",
                    "unit": "tsp"
                },
                {
                    "name": "tamarind paste",
                    "amount": "1",
                    "unit": "tbsp"
                },
                {
                    "name": "water",
                    "amount": "200",
                    "unit": "ml"
                },
                {
                    "name": "oil",
                    "amount": "2",
                    "unit": "tbsp"
                },
                {
                    "name": "shallot",
                    "amount": "6",
                    "unit": "pieces"
                },
                {
                    "name": "garlic",
                    "amount": "4",
                    "unit": "cloves"
                },
                {
                    "name": "dried chili",
                    "amount": "8",
                    "unit": "pieces"
                }
            ],
            "pre_made": []
        },
        "steps": [
            "Blend shallots, garlic and dried chilies into a paste.",
            "Heat oil in a pan and saute the paste until fragrant.",
            "Add in cumin powder, coriander powder and turmeric. Stir until combined.",
            "Add in the chicken and fry until the chicken is browned.",
            "Pour in the coconut milk, water, lemongrass, kaffir lime leaves, galangal, salt, sugar, and tamarind paste.",
            "Bring to a boil and then reduce the heat to low. Lower the heat to a simmer and let it cook for 30-40 minutes or until the chicken is tender and the gravy has thickened.",
            "Stir occasionally to prevent burning."
        ]
    },
    "R7": {
        "name": "char kuey teow",
        "cuisine": "chinese",
        "difficulty": "Medium",
        "servings": "2",
        "ingredients": {
            "main": [
                {
                    "name": "fried wheat gluten strips",
                    "amount": "200",
                    "unit": "g"
                },
                {
                    "name": "carrot",
                    "amount": "1",
                    "unit": ""
                },
                {
                    "name": "snow pea",
                    "amount": "50",
                    "unit": "grams"
                },
                {
                    "name": "shiitake mushroom",
                    "amount": "4",
                    "unit": ""
                },
                {
                    "name": "garlic",
                    "amount": "3",
                    "unit": "cloves"
                },
                {
                    "name": "ginger",
                    "amount": "1",
                    "unit": ""
                },
                {
                    "name": "scallion",
                    "amount": "2",
                    "unit": ""
                },
                {
                    "name": "soy sauce",
                    "amount": "2",
                    "unit": "tbsp"
                },
                {
                    "name": "dark soy sauce",
                    "amount": "1",
                    "unit": "tbsp"
                },
                {
                    "name": "oyster sauce",
                    "amount": "1",
                    "unit": "tbsp"
                },
                {
                    "name": "sugar",
                    "amount": "1",
                    "unit": "tsp"
                },
                {
                    "name": "water",
                    "amount": "0.25",
                    "unit": "cup"
                },
                {
                    "name": "cooking oil",
                    "amount": "2",
                    "unit": "tbsp"
                }
            ],
            "pre_made": []
        },
        "steps": [
            "Heat the wok over medium-high heat and add the cooking oil.",
            "Add the garlic, ginger, and scallions and stir-fry until fragrant.",
            "Add the carrots, snow peas, and shiitake mushrooms and stir-fry until they start to soften.",
            "Add the fried wheat gluten strips and stir-fry for a few minutes.",
            "Mix the soy sauce, dark soy sauce, oyster sauce, sugar, and water together in a bowl.",
            "Pour the sauce into the wok and stir-fry until everything is well-coated.",
            "Continue stir-frying until the vegetables are cooked and the sauce has thickened to your liking."
        ]
    },
    "R8": {
        "name": "egg fried rice",
        "cuisine": "chinese",
        "difficulty": "Easy",
        "servings": "4",
        "ingredients": {
            "main": [
                {
                    "name": "cooked rice",
                    "amount": "3",
                    "unit": "cups"
                },
                {
                    "name": "egg",
                    "amount": "3",
                    "unit": ""
                },
                {
                    "name": "vegetable oil",
                    "amount": "2",
                    "unit": "tbsp"
                },
                {
                    "name": "onion",
                    "amount": "1",
                    "unit": ""
                },
                {
                    "name": "frozen peas and carrots",
                    "amount": "1",
                    "unit": "cup"
                },
                {
                    "name": "green onion",
                    "amount": "2",
                    "unit": "stalks"
                },
                {
                    "name": "salt",
                    "amount": "1",
                    "unit": "tsp"
                },
                {
                    "name": "pepper",
                    "amount": "0.5",
                    "unit": "tsp"
                },
                {
                    "name": "soy sauce",
                    "amount": "2",
                    "unit": "tbsp"
                },
                {
                    "name": "sesame oil",
                    "amount": "1",
                    "unit": "tbsp"
                }
            ],
            "pre_made": []
        },
        "steps": [
            "In a small bowl, beat the eggs with 1/4 tsp salt and 1/4 tsp pepper.",
            "Heat 1 tablespoon of vegetable oil in a wok or large skillet over medium-high heat. Add the beaten eggs and stir-fry until scrambled and just set, about 1-2 minutes. Transfer the eggs to a plate.",
            "In the same wok, heat another tablespoon of vegetable oil over high heat. Add the chopped onion and stir-fry until softened and translucent, about 1-2 minutes.",
            "Add the frozen peas and carrots and stir-fry until the vegetables are heated through and tender, about 2-3 minutes.",
            "Add the cooked rice and stir-fry until everything is evenly mixed and the rice is heated through, about 2-3 minutes.",
            "Add the scrambled eggs, chopped green onions, soy sauce, sesame oil, and remaining salt and pepper to the wok. Stir-fry until everything is evenly mixed and heated through, about 2-3 minutes."
        ]
    },
    "R9": {
        "name": "chicken rice",
        "cuisine": "chinese",
        "difficulty": "Medium",
        "servings": "4",
        "ingredients": {
            "main": [
                {
                    "name": "chicken",
                    "amount": "1",
                    "unit": "whole"
                },
                {
                    "name": "rice",
                    "amount": "2",
                    "unit": "cups"
                },
                {
                    "name": "garlic",
                    "amount": "4",
                    "unit": "cloves"
                },
                {
                    "name": "ginger",
                    "amount": "1",
                    "unit": "inch"
                },
                {
                    "name": "spring onion",
                    "amount": "2",
                    "unit": "stalks"
                },
                {
                    "name": "soy sauce",
                    "amount": "2",
                    "unit": "tbsp"
                },
                {
                    "name": "sesame oil",
                    "amount": "2",
                    "unit": "tbsp"
                }
            ],
            "pre_made": [
                {
                    "name": "chicken stock",
                    "amount": "2",
                    "unit": "cups"
                }
            ]
        },
        "steps": [
            "Wash the rice in several changes of water until the water runs clear.",
            "Combine the rice and chicken stock in a rice cooker and cook according to the manufacturer's instructions.",
            "While the rice is cooking, prepare the chicken. Cut off any excess fat and remove the giblets. Rinse the chicken inside and out with cold water and pat it dry with paper towels.",
            "Stuff the cavity of the chicken with the ginger and spring onions.",
            "Bring a large pot of water to a boil. Add the garlic and the chicken, breast side down. Reduce the heat to a gentle simmer and cook for 15 minutes.",
            "Turn off the heat and let the chicken sit in the hot water for another 15 minutes.",
            "Remove the chicken from the pot and plunge it into a bowl of ice water to stop the cooking process. Let it cool for 5 minutes before chopping it into bite-sized pieces.",
            "Combine the soy sauce and sesame oil in a small bowl.",
            "To serve, spoon some of the chicken stock from the rice cooker into a separate bowl. Add some of the soy sauce mixture and stir to combine. Serve the rice and chicken with the soy sauce mixture on the side."
        ]
    },
    "R10": {
        "name": "tomato and egg stir-fry",
        "cuisine": "chinese",
        "difficulty": "Easy",
        "servings": "2",
        "ingredients": {
            "main": [
                {
                    "name": "egg",
                    "amount": "3",
                    "unit": ""
                },
                {
                    "name": "tomato",
                    "amount": "2",
                    "unit": ""
                },
                {
                    "name": "scallion",
                    "amount": "2",
                    "unit": "stalks"
                },
                {
                    "name": "vegetable oil",
                    "amount": "2",
                    "unit": "tbsp"
                },
                {
                    "name": "salt",
                    "amount": "0.5",
                    "unit": "tsp"
                },
                {
                    "name": "sugar",
                    "amount": "0.25",
                    "unit": "tsp"
                },
                {
                    "name": "white pepper",
                    "amount": "0.25",
                    "unit": "tsp"
                }
            ],
            "pre_made": []
        },
        "steps": [
            "Beat the eggs in a bowl with salt and white pepper.",
            "Chop the tomatoes into small wedges and slice the scallions.",
            "Heat up the oil in a pan over medium-high heat.",
            "Add the tomatoes to the pan and stir-fry for 2-3 minutes until they soften.",
            "Add the eggs to the pan and stir-fry for 1-2 minutes until they start to set.",
            "Add the scallions, salt, and sugar to the pan and continue stir-frying until the eggs are fully cooked."
        ]
    },
    "R11": {
        "name": "stir-fried sweet potato leaves",
        "cuisine": "chinese",
        "difficulty": "Easy",
        "servings": "2",
        "ingredients": {
            "main": [
                {
                    "name": "sweet potato leaf",
                    "amount": "500",
                    "unit": "g"
                },
                {
                    "name": "garlic",
                    "amount": "3",
                    "unit": "cloves"
                },
                {
                    "name": "red chili",
                    "amount": "1",
                    "unit": "piece"
                },
                {
                    "name": "oil",
                    "amount": "2",
                    "unit": "tbsp"
                },
                {
                    "name": "salt",
                    "amount": "1",
                    "unit": "tsp"
                }
            ],
            "pre_made": []
        },
        "steps": [
            "Wash the sweet potato leaves and drain them.",
            "Peel and chop the garlic.",
            "Remove the seeds from the chili and slice it thinly.",
            "Heat the oil in a wok over high heat.",
            "Add the garlic and chili and stir-fry until fragrant.",
            "Add the sweet potato leaves and salt and stir-fry for 2-3 minutes or until the leaves are wilted and tender."
        ]
    },
    "R12": {
        "name": "chana masala",
        "cuisine": "indian",
        "difficulty": "Medium",
        "servings": "2",
        "ingredients": {
            "main": [
                {
                    "name": "chickpea",
                    "amount": "1",
                    "unit": "can"
                },
                {
                    "name": "onion",
                    "amount": "1",
                    "unit": ""
                },
                {
                    "name": "tomato",
                    "amount": "2",
                    "unit": ""
                },
                {
                    "name": "green chili pepper",
                    "amount": "1",
                    "unit": ""
                },
                {
                    "name": "ginger",
                    "amount": "1",
                    "unit": "tsp"
                },
                {
                    "name": "garlic",
                    "amount": "3",
                    "unit": "cloves"
                },
                {
                    "name": "ground cumin",
                    "amount": "1",
                    "unit": "tsp"
                },
                {
                    "name": "ground coriander",
                    "amount": "1",
                    "unit": "tsp"
                },
                {
                    "name": "garam masala",
                    "amount": "1",
                    "unit": "tsp"
                },
                {
                    "name": "turmeric",
                    "amount": "1",
                    "unit": "tsp"
                },
                {
                    "name": "salt",
                    "amount": "1",
                    "unit": "tsp"
                },
                {
                    "name": "oil",
                    "amount": "2",
                    "unit": "tbsp"
                },
                {
                    "name": "water",
                    "amount": "1",
                    "unit": "cup"
                }
            ],
            "pre_made": []
        },
        "steps": [
            "Heat oil in a pan over medium-high heat.",
            "Chop onions and green chili pepper, grate ginger, and mince garlic. Add into the pan and saut\u00c3\u00a9 for 3-4 minutes until the onions are soft.",
            "Add tomatoes and cook for another 5-6 minutes, stirring occasionally.",
            "Add ground cumin, ground coriander, garam masala, turmeric, and salt. Cook for 1-2 minutes, stirring constantly.",
            "Add chickpeas and water. Bring to a boil, reduce heat to low and let it simmer for 15-20 minutes or until the gravy thickens."
        ]
    },
    "R13": {
        "name": "aloo gobi",
        "cuisine": "indian",
        "difficulty": "Medium",
        "servings": "4",
        "ingredients": {
            "main": [
                {
                    "name": "potato",
                    "amount": "2",
                    "unit": ""
                },
                {
                    "name": "cauliflower",
                    "amount": "1",
                    "unit": ""
                },
                {
                    "name": "onion",
                    "amount": "1",
                    "unit": ""
                },
                {
                    "name": "tomato",
                    "amount": "1",
                    "unit": ""
                },
                {
                    "name": "green chilli",
                    "amount": "2",
                    "unit": ""
                },
                {
                    "name": "ginger",
                    "amount": "1",
                    "unit": "inch"
                },
                {
                    "name": "garlic",
                    "amount": "3",
                    "unit": "cloves"
                },
                {
                    "name": "cumin seed",
                    "amount": "1",
                    "unit": "tsp"
                },
                {
                    "name": "coriander powder",
                    "amount": "1",
                    "unit": "tsp"
                },
                {
                    "name": "turmeric powder",
                    "amount": "1",
                    "unit": "tsp"
                },
                {
                    "name": "garam masala",
                    "amount": "1",
                    "unit": "tsp"
                },
                {
                    "name": "salt",
                    "amount": "1",
                    "unit": "tsp"
                },
                {
                    "name": "water",
                    "amount": "1",
                    "unit": "cup"
                },
                {
                    "name": "oil",
                    "amount": "2",
                    "unit": "tbsp"
                },
                {
                    "name": "fresh coriander leaf",
                    "amount": "2",
                    "unit": "tbsp"
                }
            ],
            "pre_made": []
        },
        "steps": [
            "Heat oil in a pan and add cumin seeds. Let them crackle.",
            "Add chopped onion and saut\u00c3\u00a9 until it becomes translucent.",
            "Add chopped ginger and garlic. Saut\u00c3\u00a9 until the raw smell goes away.",
            "Add chopped tomato and green chilli. Cook until the tomato becomes soft.",
            "Add coriander powder, turmeric powder, and salt. Mix well.",
            "Add potato and cauliflower florets. Mix well until the spices coat the vegetables.",
            "Add water and mix well. Cover the pan and cook until the vegetables become soft.",
            "Add garam masala and chopped coriander leaves. Mix well.",
            "Serve hot with rice or roti."
        ]
    },
    "R14": {
        "name": "dal makhani",
        "cuisine": "indian",
        "difficulty": "Hard",
        "servings": "4",
        "ingredients": {
            "main": [
                {
                    "name": "black lentil",
                    "amount": "1",
                    "unit": "cup"
                },
                {
                    "name": "kidney bean",
                    "amount": "0.5",
                    "unit": "cup"
                },
                {
                    "name": "ghee",
                    "amount": "3",
                    "unit": "tbsp"
                },
                {
                    "name": "onion",
                    "amount": "1",
                    "unit": ""
                },
                {
                    "name": "garlic",
                    "amount": "3",
                    "unit": "cloves"
                },
                {
                    "name": "ginger",
                    "amount": "1",
                    "unit": "inch"
                },
                {
                    "name": "tomato",
                    "amount": "3",
                    "unit": ""
                },
                {
                    "name": "green chili",
                    "amount": "1",
                    "unit": ""
                },
                {
                    "name": "kashmiri red chili powder",
                    "amount": "1",
                    "unit": "tsp"
                },
                {
                    "name": "garam masala powder",
                    "amount": "0.5",
                    "unit": "tsp"
                },
                {
                    "name": "salt",
                    "amount": "1",
                    "unit": "tbsp"
                },
                {
                    "name": "cream",
                    "amount": "0.5",
                    "unit": "cup"
                },
                {
                    "name": "water",
                    "amount": "5",
                    "unit": "cups"
                }
            ],
            "pre_made": []
        },
        "steps": [
            "Wash and soak the lentils and kidney beans for 6-8 hours or overnight.",
            "In a pressure cooker, add the soaked lentils, kidney beans, and water. Cook on high heat until you hear 4-5 whistles. Reduce the heat to low and let it cook for another 20-25 minutes. Turn off the heat and let the pressure release naturally.",
            "Heat ghee in a pan over medium heat. Add chopped onions and saut\u00c3\u00a9 until they turn golden brown.",
            "Add minced garlic and grated ginger. Cook for a minute until the raw smell disappears.",
            "Add chopped tomatoes and green chili. Mix well and cook until the tomatoes are soft and mushy.",
            "Add Kashmiri red chili powder, garam masala powder, and salt. Mix well and cook for another 2-3 minutes.",
            "Add the cooked lentils and kidney beans along with the water. Mix well and cook on medium heat for 20-25 minutes or until the dal thickens.",
            "Add cream and mix well. Turn off the heat.",
            "Garnish with some more cream and chopped coriander leaves."
        ]
    },
    "R15": {
        "name": "butter chicken",
        "cuisine": "indian",
        "difficulty": "Hard",
        "servings": "2",
        "ingredients": {
            "main": [
                {
                    "name": "boneless, skinless chicken thigh",
                    "amount": "500",
                    "unit": "grams"
                },
                {
                    "name": "ghee",
                    "amount": "3",
                    "unit": "tbsp"
                },
                {
                    "name": "onion",
                    "amount": "1",
                    "unit": ""
                },
                {
                    "name": "garlic",
                    "amount": "5",
                    "unit": "cloves"
                },
                {
                    "name": "ginger",
                    "amount": "2",
                    "unit": "tbsp"
                },
                {
                    "name": "tomato paste",
                    "amount": "3",
                    "unit": "tbsp"
                },
                {
                    "name": "garam masala",
                    "amount": "2",
                    "unit": "tsp"
                },
                {
                    "name": "ground cumin",
                    "amount": "2",
                    "unit": "tsp"
                },
                {
                    "name": "ground coriander",
                    "amount": "2",
                    "unit": "tsp"
                },
                {
                    "name": "turmeric",
                    "amount": "1",
                    "unit": "tsp"
                },
                {
                    "name": "cayenne pepper",
                    "amount": "0.5",
                    "unit": "tsp"
                },
                {
                    "name": "tomatoes",
                    "amount": "2",
                    "unit": ""
                },
                {
                    "name": "heavy cream",
                    "amount": "0.5",
                    "unit": "cup"
                },
                {
                    "name": "kasuri methi",
                    "amount": "1",
                    "unit": "tbsp"
                },
                {
                    "name": "salt",
                    "amount": "1",
                    "unit": "tsp"
                },
                {
                    "name": "yogurt",
                    "amount": "0.5",
                    "unit": "cup"
                },
                {
                    "name": "lemon juice",
                    "amount": "2",
                    "unit": "tbsp"
                }
            ],
            "pre_made": []
        },
        "steps": [
            "In a large bowl, whisk together the yogurt and lemon juice. Add the chicken and toss to coat. Cover and refrigerate for at least 30 minutes, or overnight.",
            "In a large pan or Dutch oven, melt the ghee over medium heat. Add the chopped onion and cook until softened and translucent, about 5 minutes.",
            "Add the minced garlic and ginger and cook for another minute, stirring constantly.",
            "Add the tomato paste, garam masala, cumin, coriander, turmeric, and cayenne pepper. Cook, stirring constantly, for 1-2 minutes, until fragrant.",
            "Add the diced tomatoes and their juices, and bring the mixture to a simmer. Cook for about 10 minutes, stirring occasionally, until the tomatoes have broken down and the mixture has thickened.",
            "Add the marinated chicken and any remaining marinade to the pan. Stir to combine and cook for about 10-15 minutes, until the chicken is cooked through.",
            "Stir in the heavy cream and kasuri methi. Cook for another 5 minutes, until the sauce has thickened slightly.",
            "Season with salt to taste."
        ]
    },
    "R16": {
        "name": "biryani",
        "cuisine": "indian",
        "difficulty": "Hard",
        "servings": "2",
        "ingredients": {
            "main": [
                {
                    "name": "basmati rice",
                    "amount": "2",
                    "unit": "cups"
                },
                {
                    "name": "chicken thigh",
                    "amount": "1",
                    "unit": "lb"
                },
                {
                    "name": "onion",
                    "amount": "2",
                    "unit": ""
                },
                {
                    "name": "tomato",
                    "amount": "2",
                    "unit": ""
                },
                {
                    "name": "yogurt",
                    "amount": "1",
                    "unit": "cup"
                },
                {
                    "name": "ginger garlic paste",
                    "amount": "2",
                    "unit": "tbsp"
                },
                {
                    "name": "green chili pepper",
                    "amount": "3",
                    "unit": ""
                },
                {
                    "name": "mint leaf",
                    "amount": "0.5",
                    "unit": "cup"
                },
                {
                    "name": "cilantro leaf",
                    "amount": "0.5",
                    "unit": "cup"
                },
                {
                    "name": "ghee",
                    "amount": "3",
                    "unit": "tbsp"
                },
                {
                    "name": "oil",
                    "amount": "2",
                    "unit": "tbsp"
                },
                {
                    "name": "salt",
                    "amount": "2",
                    "unit": "tsp"
                },
                {
                    "name": "saffron",
                    "amount": "0.25",
                    "unit": "tsp"
                },
                {
                    "name": "water",
                    "amount": "3",
                    "unit": "cups"
                },
                {
                    "name": "biryani masala",
                    "amount": "2",
                    "unit": "tbsp"
                }
            ],
            "pre_made": []
        },
        "steps": [
            "Soak the rice in water for 30 minutes.",
            "Heat ghee and oil in a large pot over medium heat.",
            "Add onions and fry until golden brown.",
            "Add ginger garlic paste and green chili peppers, and saut\u00c3\u00a9 for a minute.",
            "Add chicken and fry until it turns white.",
            "Add biryani masala and fry for a minute.",
            "Add tomatoes and fry until they turn soft.",
            "Add yogurt, mint leaves, cilantro leaves, and salt, and mix well.",
            "Add 1 cup of water and cook for 10 minutes, or until the chicken is cooked through.",
            "Meanwhile, bring 3 cups of water to a boil in a separate pot, add salt and drained rice, and cook until it is 70% done. Drain the rice and keep aside.",
            "Grease a large baking dish with ghee.",
            "Spread half of the chicken curry at the bottom of the dish.",
            "Spread half of the partially cooked rice over the chicken.",
            "Repeat with the remaining chicken curry and rice.",
            "Pour the saffron milk over the top layer of rice.",
            "Cover the dish with foil and bake in a preheated oven at 350\u00c2\u00b0F for 30 minutes.",
            "Remove from the oven, let it rest for 5 minutes, and then serve hot."
        ]
    }
  }